id,created_at,uploader,source_issue,original_name,stored_path,url,sha256,size_bytes,content_type
e842defcf2e35410,2026-05-15T11:12:37Z,MDS-gif-skech,https://github.com/MDS-gif-skech/ImageHost/issues/5,upload.jpg,images/2026/05/20260515T111237Z_issue5_e842defcf2e35410.jpg,https://mds-gif-skech.github.io/ImageHost/images/2026/05/20260515T111237Z_issue5_e842defcf2e35410.jpg,e842defcf2e35410a4eecece59cd73a8422ec4d125b9cb076d3b9824c57be657,40643,image/jpeg
22a29ecf801d18d9,2026-05-15T11:08:35Z,MDS-gif-skech,https://github.com/MDS-gif-skech/ImageHost/issues/4,upload.jpg,images/2026/05/20260515T110835Z_issue4_22a29ecf801d18d9.jpg,https://mds-gif-skech.github.io/ImageHost/images/2026/05/20260515T110835Z_issue4_22a29ecf801d18d9.jpg,22a29ecf801d18d9962fabf5555c66d8a3d4b63c9625fb8dd0c6f02feab5c8b4,30888,image/jpeg
18692a4b86b252f2,2026-05-15T10:52:04Z,MDS-gif-skech,https://github.com/MDS-gif-skech/ImageHost/issues/3,upload.jpg,images/2026/05/20260515T105204Z_issue3_18692a4b86b252f2.jpg,https://mds-gif-skech.github.io/ImageHost/images/2026/05/20260515T105204Z_issue3_18692a4b86b252f2.jpg,18692a4b86b252f2cfc1c5ddaaafb52c35b3e21d821a97e139388cff0628ef83,585399,image/jpeg
acd10e9a9854439b,2026-05-15T10:52:04Z,MDS-gif-skech,https://github.com/MDS-gif-skech/ImageHost/issues/3,upload.jpg,images/2026/05/20260515T105204Z_issue3_acd10e9a9854439b.jpg,https://mds-gif-skech.github.io/ImageHost/images/2026/05/20260515T105204Z_issue3_acd10e9a9854439b.jpg,acd10e9a9854439b3d797fbf2ad2bdc5a6e936a46147322ebf071d955939c0d9,441907,image/jpeg
d613f0fe6fbd9e61,2026-05-15T10:52:03Z,MDS-gif-skech,https://github.com/MDS-gif-skech/ImageHost/issues/3,upload.jpg,images/2026/05/20260515T105203Z_issue3_d613f0fe6fbd9e61.jpg,https://mds-gif-skech.github.io/ImageHost/images/2026/05/20260515T105203Z_issue3_d613f0fe6fbd9e61.jpg,d613f0fe6fbd9e61faeb98079dc9a7a58c2dbcdb61e8dc4dfbe8fbea2b280396,379851,image/jpeg
3837947c6af69971,2026-05-15T10:52:02Z,MDS-gif-skech,https://github.com/MDS-gif-skech/ImageHost/issues/3,upload.jpg,images/2026/05/20260515T105202Z_issue3_3837947c6af69971.jpg,https://mds-gif-skech.github.io/ImageHost/images/2026/05/20260515T105202Z_issue3_3837947c6af69971.jpg,3837947c6af69971589841c681c15207e603503852cb6ef700c0feee85949ac3,48282,image/jpeg
4bf830d41586714b,2026-05-15T10:52:02Z,MDS-gif-skech,https://github.com/MDS-gif-skech/ImageHost/issues/3,upload.jpg,images/2026/05/20260515T105202Z_issue3_4bf830d41586714b.jpg,https://mds-gif-skech.github.io/ImageHost/images/2026/05/20260515T105202Z_issue3_4bf830d41586714b.jpg,4bf830d41586714bec6d054d1960b45f36464312227f05a47b3eac2601f3c7b1,157953,image/jpeg
de717a57e0103fc2,2026-05-15T10:52:01Z,MDS-gif-skech,https://github.com/MDS-gif-skech/ImageHost/issues/3,upload.jpg,images/2026/05/20260515T105201Z_issue3_de717a57e0103fc2.jpg,https://mds-gif-skech.github.io/ImageHost/images/2026/05/20260515T105201Z_issue3_de717a57e0103fc2.jpg,de717a57e0103fc25502d7f0a529d28323263bcca688919e1d27379f409c0a2b,266923,image/jpeg
b8442cff731ca8ca,2026-05-15T10:47:33Z,MDS-gif-skech,https://github.com/MDS-gif-skech/ImageHost/issues/2,upload.jpg,images/2026/05/20260515T104733Z_issue2_b8442cff731ca8ca.jpg,https://mds-gif-skech.github.io/ImageHost/images/2026/05/20260515T104733Z_issue2_b8442cff731ca8ca.jpg,b8442cff731ca8ca833b00a6b4ad8dbb3db917403716bb53c3096d7b8c38623d,61221,image/jpeg
